,name,type,thc,cbd
0,SeattleSoda,Hybrid,0,0
1,Four Cups,Indica,0,0
2,Swiss,Indica,0,0
3,Alpha Omega OG,Sativa,0,0
4,Tahoe Hydro Champagne,Sativa,0,0
5,Blush,Hybrid,0,0
6,Blueberry Space Cake,Indica,0,0
7,Banana Bread,Hybrid,0,0
8,Humboldt Sour Diesel,Sativa,0,0
9,Apricot Jelly,Hybrid,0,0
10,Deep Cheese,Indica,0,0
11,Animal Gas,Indica,0,0
12,Perfect Purple,Hybrid,0,0
13,Lucifer OG,Indica,0,0
14,840,Hybrid,0,0
15,Keystone Kush,Indica,0,0
16,Runtz,Hybrid,0,0
17,999,Hybrid,0,0
18,Pan Jam,Sativa,0,0
19,3 Bears OG,Indica,0,0
20,Orange Snow Cone,Sativa,0,0
21,OG Purple Fire Thai,Hybrid,0,0
22,Eastern European,Hybrid,0,0
23,Agape,Hybrid,0,0
24,Mystery Jazz,Hybrid,0,0
25,North Indian,Indica,0,0
26,Mud Bite,Indica,0,0
27,Jelly Roll,Indica,0,0
28,OCD,Sativa,0,0
29,Blue Wolf,Sativa,0,0
30,Blood Kush,Hybrid,0,0
31,Peachy Mack,Sativa,0,0
32,Gilz Nilz,Hybrid,0,0
33,Mendo Queen,Sativa,0,0
34,White Slipper,Sativa,0,0
35,Greek Kalamata,Sativa,0,0
36,Faded Glory,Sativa,0,0
37,Happy Rancher,Hybrid,0,0
38,Princess,Sativa,0,0
39,GDP Electric,Hybrid,0,0
40,False Teeth,Indica,0,0
41,Cobbler,Sativa,0,0
42,Big Mac,Indica,0,0
43,Blue Sherbert,Hybrid,0,0
44,Alien Breath,Hybrid,0,0
45,Ghetto Bird,Hybrid,0,0
46,Madagascar,Indica,0,0
47,Concord Cream,Indica,0,0
48,Rocky Dennis,Hybrid,0,0
49,Black D.O.G.,Indica,0,0
50,Highlands,Indica,0,0
51,Chocolate Sap,Sativa,0,0
52,Carmel Cough,Sativa,0,0
53,Pineapple Fields,Sativa,0,0
54,Rozé,Hybrid,0,0
55,French Toast,Hybrid,0,0
56,Comfortably Dumb,Indica,0,0
57,Majestic 12,Hybrid,0,0
58,Remedy,Indica,1,16
59,Hammerhead,Indica,1,22
60,Ringo's Gift,Hybrid,1,20
61,Suzy Q,Hybrid,1,25
62,Oracle,Hybrid,1,14
63,GI001,Sativa,1,24
64,Charlotte's Web,Hybrid,1,12
65,Frida,Indica,1,12
66,C3PO,Indica,1,15
67,Valentine X,Hybrid,1,25
68,Mystery 98,Indica,2,18
69,Rafael,Sativa,2,17
70,Tesla,Sativa,3,18
71,Yummy,Indica,3,9
72,Doctor Doctor,Sativa,3,20
73,MediHaze,Sativa,4,9
74,Avi,Hybrid,5,10
75,Hades Haze,Indica,6,6
76,Trident,Hybrid,6,15
77,Euphoria,Indica,6,7
78,Cannatonic,Hybrid,6,17
79,ACDC,Hybrid,6,20
80,Bediol,Sativa,7,8
81,Nebula II CBD,Sativa,7,8
82,CBD OG,Indica,7,10
83,In The Pines,Sativa,7,12
84,Swiss Gold,Indica,7,7
85,Medical 49,Indica,8,8
86,Purple Martian Kush,Indica,8,13
87,Good Medicine,Sativa,8,9
88,Nordle,Hybrid,8,8
89,Master Bubba,Hybrid,8,1
90,Blue Jay Way,Hybrid,8,16
91,CBD Kush,Indica,8,11
92,CBD Dancehall,Sativa,9,15
93,Maui Bubble Gift,Indica,9,11
94,Rubicon,Hybrid,9,9
95,Skunk Haze,Sativa,9,9
96,Aliens on Moonshine,Indica,9,36
97,Frank's Gift,Sativa,9,24
98,Misty Morning,Indica,10,0
99,CBD Shark,Indica,10,10
100,Harlequin,Sativa,10,15
101,Rx,Hybrid,10,12
102,Fast Eddy,Sativa,10,15
103,South Asian,Sativa,10,0
104,Swiss Sativa,Sativa,10,0
105,Harmonia,Indica,10,12
106,Sour Tsunami,Sativa,10,13
107,Aceh,Sativa,10,0
108,African,Sativa,10,0
109,El-Na,Indica,10,0
110,North American Sativa,Sativa,11,0
111,Zen,Hybrid,11,9
112,Astral Works,Hybrid,11,7
113,Canna-Tsu,Hybrid,11,11
114,Star Tonic,Hybrid,11,16
115,Negra 44,Indica,11,0
116,Jenni,Sativa,11,0
117,Sweet and Sour Widow,Indica,11,8
118,Lemon Meringue,Sativa,11,3
119,South Indian Indica,Indica,12,0
120,Sour Chunk,Sativa,12,0
121,Dr. Bubbles,Indica,12,5
122,California Hash Plant,Indica,12,5
123,Magnum PI,Sativa,12,0
124,Hawaii 78,Sativa,12,0
125,Snow Bud,Sativa,12,0
126,Chem Beyond Diesel CBD,Indica,12,15
127,Spirit of 76,Hybrid,12,0
128,Voodoo,Sativa,12,0
129,Stephen Hawking Kush,Indica,12,14
130,Quick One,Indica,13,0
131,BC Sweet Tooth,Indica,13,0
132,Midnight,Sativa,13,13
133,Hogs Breath,Indica,13,0
134,Hash Plant,Indica,13,0
135,Harley Twin,Hybrid,13,0
136,Purple Star,Indica,13,0
137,Palm Tree CBD,Indica,13,13
138,Argyle,Indica,13,0
139,One To One,Hybrid,14,14
140,Lowryder,Sativa,14,0
141,Dance World,Indica,14,14
142,Raindance,Indica,14,0
143,Santa Maria,Sativa,14,0
144,M-39,Hybrid,14,0
145,Pure Love,Indica,14,28
146,Flo,Sativa,14,0
147,Mai Tai Cookies,Sativa,14,12
148,Cherry Cream Pie,Indica,14,0
149,Rose Bud,Indica,14,0
150,Deep Breath,Hybrid,14,0
151,Enemy of the State,Indica,14,0
152,Silver Haze,Hybrid,14,0
153,Northern Skunk,Indica,14,0
154,60 Day Wonder,Indica,14,0
155,Timewarp,Sativa,14,0
156,Hammershark,Indica,14,0
157,Super Sweet,Hybrid,14,0
158,Black Dahlia,Indica,15,0
159,Sexxpot,Indica,15,0
160,Tundra,Indica,15,0
161,CBD Rich Blessing,Sativa,15,6
162,Blue Mountain Fire,Sativa,15,0
163,Ginger Punch,Sativa,15,0
164,White Dwarf,Indica,15,0
165,Kona Gold,Sativa,15,0
166,Quasar,Hybrid,15,0
167,Chocolate Thunder,Sativa,15,0
168,Pineapple Punch,Sativa,15,0
169,Hobbit,Hybrid,15,0
170,Purple Buddha,Hybrid,15,0
171,Big Holy Nina,Sativa,15,0
172,Rob Ford Kush,Indica,15,0
173,Desert Star,Hybrid,15,0
174,Rogue Thunder,Hybrid,15,0
175,Green Cheese,Hybrid,15,0
176,Albert Walker,Indica,15,0
177,Super Sour Skunk,Hybrid,15,0
178,Orange Juice,Indica,15,0
179,Domino,Indica,15,0
180,Rockstar Master Kush,Indica,15,1
181,Chocolate Thai,Sativa,15,0
182,Purple Lightning,Indica,15,0
183,Little Angel,Hybrid,15,0
184,La Blanca,Indica,15,0
185,Golden Soda,Sativa,15,0
186,Taiga,Hybrid,15,0
187,Dark Blue Dream,Hybrid,15,0
188,Moose And Lobsta,Sativa,15,0
189,California Grapefruit,Indica,15,0
190,Magnum,Hybrid,15,0
191,Cali Kush,Indica,15,0
192,Pineapple Super Silver Haze,Sativa,15,1
193,Skywalker,Hybrid,15,0
194,Bandana,Sativa,15,4
195,Pennywise,Indica,15,15
196,California Orange,Hybrid,15,0
197,El Nino,Indica,15,1
198,South Indian,Sativa,15,0
199,Red Dwarf,Indica,15,0
200,Agent Orange,Sativa,15,0
201,Jack's Dragon Girl #7,Hybrid,15,0
202,Orange Turbo,Sativa,15,0
203,Tiger Woods,Hybrid,15,0
204,Lost Coast OG,Indica,15,0
205,Purple Dream,Hybrid,15,0
206,Champagne Kush,Hybrid,15,0
207,White Siberian,Indica,15,4
208,Royal Highness,Sativa,15,0
209,NY Cheese,Sativa,15,0
210,Thai Tanic,Sativa,15,0
211,Kali Mist,Sativa,15,0
212,Aberdeen,Sativa,15,0
213,Alf,Indica,15,0
214,Sierra Mist,Hybrid,15,0
215,Rebel Berry OG,Sativa,15,0
216,Tweed CBD,Hybrid,15,13
217,Shipwreck,Sativa,15,0
218,Ethiopian,Sativa,15,0
219,KT Dawg,Hybrid,15,0
220,Space Queen,Sativa,16,0
221,Shark Attack,Indica,16,10
222,Ridge Berry,Sativa,16,0
223,Mother’s Milk,Sativa,16,0
224,Mexican,Sativa,16,0
225,Rock Bud,Indica,16,0
226,Fighting Buddha,Sativa,16,0
227,Kaboom,Sativa,16,0
228,Ocean View,Sativa,16,0
229,Sour Alien,Sativa,16,0
230,Lightstorm,Indica,16,0
231,Mace Windu,Indica,16,0
232,DarkStar,Indica,16,0
233,Purple Voodoo,Hybrid,16,1
234,Queso,Hybrid,16,0
235,Ninja Fruit,Hybrid,16,0
236,Betty Boo,Indica,16,0
237,Sand Storm,Indica,16,0
238,White Cheese,Hybrid,16,4
239,Blue Lights,Indica,16,0
240,Horace,Sativa,16,0
241,Blue Ox,Indica,16,0
242,Monster Cookies,Indica,16,0
243,Dominator,Sativa,16,0
244,Purple Tears,Hybrid,16,0
245,X Tra Chz,Hybrid,16,0
246,Bogart,Hybrid,16,0
247,Tangerine Sunrise,Sativa,16,0
248,Purple Linda,Indica,16,0
249,Venomberry,Sativa,16,0
250,Green Dragon,Indica,16,0
251,Manitoba Poison,Hybrid,16,0
252,Sour Candy,Sativa,16,0
253,K1,Sativa,16,0
254,Panama Red,Sativa,16,0
255,Orange Diesel,Sativa,16,0
256,Lemon OG Haze,Sativa,16,2
257,Blue Moonshine,Indica,16,0
258,Loud Dream,Indica,16,0
259,Orange Skunk,Sativa,16,0
260,Maui Berry,Indica,16,0
261,The Void,Hybrid,16,0
262,Blues,Sativa,16,0
263,Ambrosia,Hybrid,16,0
264,Royal Dwarf,Hybrid,16,0
265,Lions Gate,Indica,16,0
266,Oriental Express,Sativa,16,0
267,BB King,Indica,16,0
268,Eugene Cream,Indica,16,0
269,Rocklock,Indica,16,0
270,Royal Cheese,Indica,16,0
271,Harmony,Hybrid,16,0
272,Jack the Ripper,Sativa,17,0
273,Raspberry Kush,Indica,17,0
274,Diesel Duff,Sativa,17,0
275,RockStar,Hybrid,17,0
276,Lamb's Bread,Sativa,17,0
277,Harry Potter,Hybrid,17,0
278,Hawaiian Skunk,Indica,17,0
279,Sour Cream,Sativa,17,0
280,Lime Green Skunk,Hybrid,17,0
281,Chocolate Fondue,Sativa,17,0
282,Old Mother Sativa,Sativa,17,0
283,Tiger's Milk,Hybrid,17,0
284,Purple Jolly Rancher,Indica,17,0
285,Chocolate Haze,Sativa,17,0
286,Haole,Indica,17,0
287,Pineapple Cookies,Indica,17,0
288,Purple Alien OG,Indica,17,0
289,Serious 6,Hybrid,17,0
290,Predator Pink,Indica,17,0
291,Jimi Hendrix,Hybrid,17,0
292,Jack's Cleaner,Sativa,17,0
293,Django,Hybrid,17,2
294,Ortega,Indica,17,0
295,Purple Princess,Indica,17,0
296,Michigan Skunk,Indica,17,0
297,Deadwood,Hybrid,17,0
298,The One,Hybrid,17,0
299,Vaniluna,Hybrid,17,0
300,Blue Widow,Indica,17,0
301,Outlaw,Sativa,17,0
302,Nepalese Dragon,Hybrid,17,0
303,Super G,Sativa,17,0
304,Special Kush #1,Indica,17,0
305,Space Bomb,Sativa,17,0
306,Rainbow Kush,Indica,17,1
307,Medibud,Indica,17,1
308,Pluto Kush,Indica,17,0
309,Summertime Squeeze,Sativa,17,0
310,Sunset Haze,Hybrid,17,0
311,Big Sky OG,Hybrid,17,1
312,Northernberry,Hybrid,17,0
313,Nerds,Hybrid,17,0
314,Bubba Berry,Indica,17,0
315,Easy Bud,Sativa,17,0
316,Alpine Blue,Sativa,17,0
317,Orange Bud,Indica,17,0
318,Mango Habanero,Indica,17,0
319,Pineapple Kush,Indica,17,0
320,Nepalese,Sativa,17,0
321,Houndstooth,Sativa,17,1
322,Jack Skellington,Sativa,17,0
323,Lemon Alien Dawg,Indica,17,0
324,Sugar Klingon,Hybrid,17,0
325,Afghan Kush,Indica,17,0
326,Platinum Kush,Indica,17,0
327,Easy Peezy,Hybrid,18,0
328,Red Widow,Hybrid,18,0
329,Blue Mango,Indica,18,0
330,Purple Ice,Sativa,18,0
331,Casper OG,Indica,18,1
332,A-10,Indica,18,11
333,Purple AK-47,Indica,18,0
334,Mau-Mau,Indica,18,0
335,Blizzard Bush,Hybrid,18,0
336,Super Cat Piss,Sativa,18,0
337,Hurricane,Sativa,18,15
338,Euphoria Cookies,Hybrid,18,0
339,Donna OG,Hybrid,18,0
340,Dutch Queen,Sativa,18,0
341,Flo Walker,Indica,18,0
342,Tangerine Man,Sativa,18,0
343,Nepalese Jam,Sativa,18,0
344,Alien Rock Candy,Indica,18,0
345,Blue Kush,Hybrid,18,0
346,Blue Wonder,Sativa,18,0
347,Mother Tongue,Sativa,18,0
348,DJ Smoke,Sativa,18,0
349,Godzilla,Indica,18,0
350,Orange Dream,Hybrid,18,0
351,King Henry VIII,Hybrid,18,0
352,Acid Dough,Sativa,18,0
353,Kaua'i Electric,Sativa,18,4
354,Lemon Jack,Sativa,18,0
355,Sweet Black Angel,Indica,18,0
356,Brainwreck,Hybrid,18,0
357,Jillybean,Sativa,18,0
358,B-52,Indica,18,0
359,Purple Passion,Indica,18,0
360,Chiesel,Hybrid,18,0
361,Lemon Diesel,Indica,18,0
362,Afghan Skunk,Indica,18,0
363,Hashberry,Indica,18,0
364,Very Berry Haze,Sativa,18,1
365,Lavender Kush,Indica,18,0
366,Maple Leaf Indica,Indica,18,0
367,Nebula,Indica,18,0
368,Sweet Diesel,Sativa,18,0
369,Sweet Lafayette,Indica,18,0
370,Hollands Hope,Indica,18,0
371,Cherry Kush,Indica,18,0
372,Burmese Kush,Hybrid,18,0
373,Chocolate Tonic,Sativa,18,18
374,Agent Tangie,Sativa,18,0
375,Fucking Incredible,Indica,18,0
376,Blue Rhino,Indica,18,2
377,Banana Kush,Indica,18,0
378,Superman OG,Indica,18,0
379,Crypt,Hybrid,18,0
380,Sweet Kush,Hybrid,18,0
381,Permafrost,Sativa,18,0
382,Apollo 13,Sativa,18,0
383,Citrus Kush,Indica,18,0
384,Rainbow Jones,Indica,18,0
385,Trainwreck,Sativa,18,0
386,Rene,Sativa,18,0
387,Old Toby,Indica,18,10
388,Cocoa Kush,Hybrid,18,0
389,Pine Cone,Sativa,18,0
390,Purple Pinecone,Indica,18,0
391,Big Bomb,Hybrid,18,0
392,Shaman,Sativa,18,0
393,Zelly's Gift,Sativa,18,0
394,Jamaican Lion,Hybrid,18,18
395,Orange Creamsicle,Sativa,18,0
396,Jacky White,Sativa,18,0
397,U.K. Cheese,Hybrid,18,0
398,Pineapple Diesel,Hybrid,18,0
399,Tangerine,Hybrid,18,2
400,8 Ball Kush,Indica,18,5
401,Tuna Kush,Indica,18,0
402,White Strawberry,Hybrid,18,0
403,Jah Goo,Hybrid,18,0
404,Sugar Black Rose,Indica,18,0
405,Cookies Kush,Indica,18,3
406,Double Dutch,Sativa,18,0
407,Magic Beans OG,Indica,18,0
408,Afternoon Delight,Sativa,18,0
409,Strawberry,Hybrid,18,0
410,Black Cherry OG,Hybrid,18,0
411,Robert Plant,Sativa,18,2
412,Stella Blue,Sativa,18,0
413,OG Cheese,Indica,18,0
414,Painkiller,Indica,18,0
415,U Pink Kush,Indica,18,0
416,OG Wreck,Sativa,18,0
417,Crimea Blue,Indica,18,0
418,Blue Dynamite,Indica,18,0
419,Alien Fire,Indica,18,0
420,Fallen Angel,Indica,18,0
421,Rocky Mountain Blueberry,Indica,18,0
422,The Black,Indica,18,0
423,Exodus Cheese,Hybrid,18,0
424,Flying Dragon,Hybrid,18,0
425,Dream Police,Hybrid,18,0
426,Allkush,Indica,18,0
427,Optimus Prime,Indica,18,0
428,Love Potion #1,Sativa,18,0
429,Qush,Indica,18,0
430,White Walrus,Hybrid,18,4
431,Thai Sticks,Sativa,18,0
432,Green Mango,Indica,18,0
433,Bonkers,Hybrid,18,0
434,Flash Back,Sativa,18,0
435,Delahaze,Sativa,18,0
436,Critical 47,Hybrid,18,0
437,Think Different,Sativa,18,0
438,Blueberry Headband,Hybrid,18,0
439,Xanadu,Sativa,18,0
440,I-95,Hybrid,18,0
441,Super Sour Widow,Hybrid,18,11
442,Kilimanjaro,Sativa,18,0
443,Skywalker Alien,Indica,18,0
444,American Dream,Indica,18,0
445,Madness,Hybrid,18,0
446,Chocolate Diesel,Sativa,18,0
447,Zero Gravity,Indica,18,0
448,Bazooka Joe,Indica,18,0
449,Jorge's Diamonds #1,Indica,18,0
450,Exile,Indica,18,0
451,Motavation,Indica,18,0
452,Super Critical,Indica,18,0
453,Raw Diesel,Hybrid,19,0
454,White Haze,Sativa,19,0
455,G.O.A.T.,Sativa,19,19
456,Blue Heron,Indica,19,1
457,Black Lime Special Reserve,Indica,19,0
458,Sweet Deep Grapefruit,Indica,19,0
459,Ape Shit,Hybrid,19,1
460,BOG Bubble,Hybrid,19,0
461,Deep Purple,Indica,19,0
462,Fruit Loops,Indica,19,0
463,Purple Cow,Sativa,19,0
464,Church OG,Hybrid,19,1
465,Purple Goat,Sativa,19,0
466,Master Skunk,Hybrid,19,0
467,Citrus Punch,Sativa,19,0
468,Critical Hog,Hybrid,19,0
469,Mango Haze,Hybrid,19,0
470,Blue Hash,Indica,19,1
471,Whiteout,Hybrid,19,0
472,Blackberry Pie,Hybrid,19,0
473,Head Trip,Indica,19,0
474,Power Kush,Hybrid,19,0
475,Grandpa Larry OG,Indica,19,0
476,Blurple,Hybrid,19,0
477,Sugar Mama,Hybrid,19,0
478,Bettie Page,Hybrid,19,0
479,Jack Kush,Sativa,19,0
480,Capers,Indica,19,0
481,Blue Sky,Indica,19,0
482,Grape Crush,Indica,19,0
483,White Lavender,Hybrid,19,0
484,Blue Nightmare,Hybrid,19,0
485,Blue OG,Indica,19,0
486,White Zombie,Indica,19,0
487,White Durban,Hybrid,19,0
488,Barbara Bud,Indica,19,0
489,Purple Crack,Sativa,19,0
490,Blackberry x Blueberry,Indica,19,0
491,Trash,Indica,19,0
492,Tommy’s Home Grown,Hybrid,19,0
493,The Sheriff,Hybrid,19,0
494,Waldo,Sativa,19,0
495,Mother's Finest,Sativa,19,0
496,Mt Hood Magic,Indica,19,0
497,13 Dawgs,Hybrid,19,0
498,Anesthesia,Indica,19,0
499,Nexus OG,Indica,19,0
500,Pie Face,Indica,19,0
501,Super Bud,Indica,19,1
502,North American,Indica,19,0
503,Critical Cheese,Hybrid,19,0
504,Sugar Shack,Indica,19,0
505,White Castle,Indica,19,0
506,Green Magic,Indica,19,1
507,Shooting Star,Indica,19,0
508,Silver Cindy,Sativa,19,0
509,Anunnaki,Sativa,19,0
510,Dream Queen,Sativa,19,0
511,Skunky Diesel,Indica,19,1
512,Cole Train,Indica,19,0
513,South American,Sativa,19,0
514,Cherry Diesel,Hybrid,19,0
515,Sweet Tooth,Indica,19,0
516,Alien Kush,Indica,19,0
517,Obsession,Indica,19,0
518,Maui Waui,Sativa,19,0
519,Dakini Kush,Indica,19,0
520,Candyland,Sativa,19,0
521,Purple Suicide,Indica,19,0
522,Purple Cotton Candy,Indica,19,0
523,Boaty McBoatface,Sativa,19,0
524,Super Chronic,Indica,19,5
525,Purple Jems,Hybrid,19,1
526,Flowerbomb Kush,Sativa,19,0
527,Thai Lights,Hybrid,19,0
528,Island Sweet Skunk,Sativa,19,0
529,Alien Technology,Indica,19,0
530,Big Skunk Korean,Hybrid,19,0
531,Gorilla Cookies,Sativa,19,0
532,Happy Kush,Indica,19,0
533,Sage N Sour,Sativa,19,0
534,White Moonshine,Indica,19,0
535,OGiesel,Hybrid,19,0
536,SFV OG Kush,Indica,19,0
537,StarRyder,Indica,19,0
538,Lemon Zest,Sativa,19,0
539,Trojan,Indica,19,0
540,Gigabud,Indica,19,0
541,Coconut Oil,Sativa,19,0
542,Pandora's Box,Sativa,19,0
543,Avalon,Indica,19,0
544,Purple Hashplant,Hybrid,19,1
545,Purple Raine,Hybrid,19,0
546,Golden Gage,Sativa,19,0
547,Dream Machine,Indica,19,2
548,Purple Candy,Hybrid,19,0
549,Johnny Blaze,Indica,19,0
550,Happy Nightmare,Indica,19,0
551,Race Fuel OG,Hybrid,19,0
552,Brazil Amazonia,Sativa,19,0
553,Big Bang,Indica,19,0
554,Ewok,Indica,19,0
555,Bubblegum,Indica,19,0
556,Ed Rosenthal Super Bud,Indica,19,0
557,Pink Hawaiian,Sativa,19,0
558,Warlock,Indica,19,0
559,Master Kush,Indica,20,0
560,Azure Haze,Indica,20,0
561,Berry OG,Hybrid,20,0
562,White Sangria,Indica,20,0
563,Mr. Nice,Indica,20,0
564,Sweet Jane,Indica,20,0
565,Afgooey,Indica,20,0
566,Blackberry Kush,Indica,20,0
567,Herringbone,Hybrid,20,0
568,Americano,Indica,20,0
569,Kosher Kush,Indica,20,0
570,Sweet Nina,Hybrid,20,0
571,Kings Kush,Indica,20,0
572,Cheese,Indica,20,0
573,Tangerine Kush,Indica,20,0
574,Aurora Indica,Indica,20,0
575,Big Bud,Indica,20,0
576,Qleaner,Sativa,20,0
577,Blue Nina,Hybrid,20,0
578,Cracker Jack,Hybrid,20,0
579,Trix,Sativa,20,0
580,Lavender Jones,Sativa,20,1
581,Yumboldt,Indica,20,0
582,Eldorado,Sativa,20,0
583,Pineapple Jack,Hybrid,20,0
584,Green Queen,Hybrid,20,0
585,Space Monster,Indica,20,0
586,Maui Mango Diesel,Sativa,20,0
587,OG 18,Indica,20,0
588,Misty Kush,Hybrid,20,0
589,Custard Cream,Indica,20,0
590,Star 47,Indica,20,0
591,Duke Nukem,Sativa,20,0
592,Cyclops,Indica,20,0
593,Diablo OG,Sativa,20,0
594,Ace of Spades,Indica,20,0
595,Brian Berry Cough,Hybrid,20,0
596,Fire OG Kush,Indica,20,0
597,Blue Velvet,Hybrid,20,0
598,Black Domina,Indica,20,0
599,Romulan,Indica,20,0
600,Power Plant,Sativa,20,0
601,Strawberry Blue,Sativa,20,0
602,Ice Princess,Indica,20,0
603,Banana Peel,Hybrid,20,0
604,Rosetta Stone,Hybrid,20,0
605,Purple Bud,Indica,20,0
606,Beast Mode OG,Indica,20,0
607,Shark Shock,Indica,20,0
608,Blackberry Bubble,Indica,20,0
609,C13 Haze,Sativa,20,0
610,Sour Amnesia,Sativa,20,0
611,Blue Blood,Hybrid,20,10
612,Sensi Star,Indica,20,0
613,Rocky Mountain High,Indica,20,2
614,Viper,Sativa,20,0
615,Hollywood OG,Hybrid,20,0
616,Sweet Pebbles,Hybrid,20,0
617,The Ox,Indica,20,12
618,Morning Glory,Sativa,20,0
619,King Kush,Indica,20,0
620,Hawaiian Delight,Hybrid,20,0
621,Green Poison,Indica,20,0
622,White Cookies,Indica,20,0
623,Silver Bubble,Hybrid,20,0
624,Fruity Chronic Juice,Indica,20,8
625,Cronuts,Indica,20,0
626,Apple Jack,Hybrid,20,0
627,Jawa Pie,Indica,20,0
628,Mendo Breath,Indica,20,0
629,Trump OG,Indica,20,0
630,Willie Cheesie,Hybrid,20,0
631,Green Hornet,Hybrid,20,0
632,Star Berry,Indica,20,0
633,Neil Haze,Sativa,20,0
634,Orange Durban,Sativa,20,0
635,Red Velvet Pie,Hybrid,20,1
636,White Widow,Sativa,20,0
637,Powderhound,Sativa,20,0
638,Citral Skunk,Indica,20,0
639,Blue Cheese,Indica,20,0
640,Wonder Woman,Sativa,20,0
641,Purple Haze,Sativa,20,0
642,Orange Haze,Sativa,20,0
643,Seattle Blue,Hybrid,20,0
644,Romulan Haze,Sativa,20,0
645,Juliet,Sativa,20,0
646,Big Tooth,Indica,20,0
647,Best Friend OG,Sativa,20,0
648,Baker's Delight,Indica,20,0
649,Aspen OG,Sativa,20,0
650,Chronic,Sativa,20,3
651,Armageddon,Sativa,20,0
652,Space Needle,Sativa,20,0
653,Black Tuna,Hybrid,20,0
654,Sugar Kush,Indica,20,0
655,Face Off OG,Hybrid,20,0
656,GMO Cookies,Indica,20,0
657,Alien Dawg,Indica,20,0
658,Medusa,Hybrid,20,0
659,Millennium,Indica,20,0
660,Mendocino Purps,Indica,20,0
661,Karma OG,Indica,20,0
662,Blackberry Trainwreck,Hybrid,20,0
663,Lavender,Indica,20,1
664,Krystalica,Sativa,20,0
665,Black Velvet,Hybrid,20,0
666,Amnesia,Hybrid,20,0
667,Berry Noir,Hybrid,20,0
668,AK-47,Sativa,20,0
669,Kandy Kush,Indica,20,0
670,A-Train,Hybrid,20,0
671,Big White,Hybrid,20,0
672,Blaze,Sativa,20,0
673,Dutch Dragon,Sativa,20,0
674,Popcorn Kush,Indica,20,0
675,Fruity Widow,Indica,20,0
676,Ice,Hybrid,20,0
677,Mean Misty,Sativa,20,0
678,Lime Tart,Indica,20,0
679,Apollo Haze,Sativa,20,0
680,Cat Piss,Sativa,20,0
681,Grapefruit,Sativa,20,0
682,Alien Inferno,Indica,20,0
683,Amethyst,Indica,20,0
684,Appleberry,Indica,20,0
685,Catfish,Sativa,20,0
686,Reggie,Sativa,20,0
687,Blueberry Jack,Hybrid,20,0
688,Blue Train,Hybrid,20,0
689,Ash,Indica,20,0
690,Blue Zkittlez,Indica,20,0
691,Buckeye Purple,Indica,20,0
692,Chocolope Kush,Indica,20,0
693,Lavender Haze,Indica,20,0
694,Purple Skunk,Sativa,20,0
695,Jack Flash,Indica,20,0
696,Elderberry,Indica,20,0
697,Lemon Wreck,Sativa,20,0
698,Ultimate Trainwreck,Sativa,20,0
699,Gravity,Hybrid,20,1
700,Grilled Cheese,Indica,20,0
701,Purple Dog Shit,Indica,20,0
702,Dr. Feelgood,Hybrid,20,10
703,Jamba Juice,Sativa,20,0
704,Jack Widow,Indica,20,0
705,Lake of Fire,Hybrid,20,0
706,Grapefruit Diesel,Indica,20,0
707,Purple Power,Sativa,20,0
708,Critical Plus,Hybrid,20,0
709,Liquid Butter,Indica,20,0
710,Blue God,Indica,20,0
711,Blackwater,Indica,20,0
712,Four way,Indica,20,0
713,Plushberry,Hybrid,20,0
714,MILF,Sativa,20,0
715,Air Jordan OG,Indica,20,0
716,Cheese Candy,Sativa,20,0
717,Double Barrel OG,Hybrid,20,0
718,Bianca,Sativa,20,0
719,Deep Sleep,Indica,20,0
720,Fire Alien Kush,Hybrid,20,0
721,Gold King's Thai,Sativa,20,0
722,Critical Jack,Sativa,20,0
723,Fruit Spirit,Sativa,20,0
724,Garlic Bud,Indica,20,0
725,Bubba's Gift,Indica,20,0
726,American Pie,Sativa,20,0
727,Alien Apparition,Indica,20,0
728,AK-49,Sativa,20,0
729,Julius Caesar,Hybrid,20,0
730,Georgia Pine,Hybrid,20,0
731,Ghost Ship,Indica,20,0
732,Purple Rhino,Indica,20,1
733,Big Bull,Indica,20,0
734,Fire Alien Strawberry,Indica,20,0
735,Jet Fuel,Sativa,20,0
736,Oregon Pineapple,Sativa,20,0
737,Hell's Angel OG,Indica,20,0
738,Pop Rox,Indica,20,0
739,Doctor Jamaica,Hybrid,20,0
740,Double Mint,Indica,20,0
741,Pure OG,Indica,20,2
742,Purple Dragon,Sativa,20,0
743,Purple Aurora,Indica,20,2
744,Eagle Bill,Sativa,20,0
745,East Coast Alien,Sativa,20,0
746,Laughing Buddha,Sativa,20,0
747,P-91,Hybrid,20,0
748,El Perro,Hybrid,20,1
749,PVC OG,Hybrid,20,0
750,Redd Cross,Hybrid,20,8
751,Boss Hogg,Indica,20,0
752,Extreme Cream,Indica,20,0
753,Royal Haze,Sativa,20,0
754,Blue Ivy,Indica,20,0
755,Orange Cookies,Indica,20,0
756,Alpha Blue,Sativa,20,0
757,Bordello,Indica,20,0
758,Blueberry Pie,Hybrid,20,0
759,Apple Kush,Indica,20,0
760,Candy Cane,Indica,20,0
761,Cornbread,Indica,20,0
762,Secret Garden OG,Indica,20,0
763,UW,Indica,20,0
764,Emerald Jack,Sativa,20,0
765,Cotton Candy Kush,Indica,20,0
766,OG Chem,Sativa,20,1
767,OG Diesel Kush,Hybrid,20,0
768,Blueberry Cheesecake,Sativa,20,0
769,Old School OG,Indica,20,0
770,Blue Dot,Sativa,20,0
771,Cali Jack,Indica,20,0
772,Hindu Kush,Indica,20,0
773,Chocolate Rain,Sativa,20,0
774,Crockett's Haze,Sativa,20,0
775,Fire Haze,Sativa,20,0
776,Death By Cake OG,Hybrid,20,0
777,Electric Kool-Aid,Sativa,20,0
778,Dirty Old Bastard,Indica,20,0
779,Grandpa's Breath,Indica,20,0
780,Dream Berry,Indica,20,0
781,Cannalope Haze,Sativa,20,0
782,Kong,Hybrid,20,0
783,Top 44,Indica,20,0
784,Starbud,Indica,20,0
785,Lucy,Hybrid,20,10
786,GTO,Hybrid,20,0
787,Gummy Bears,Hybrid,20,0
788,B. Lee,Sativa,20,0
789,Hawaiian Mayan Gold,Sativa,20,0
790,Jolly Rancher,Hybrid,20,0
791,Anonymous OG,Indica,20,0
792,Nirvana Special,Sativa,20,0
793,Juicy Fruit,Sativa,20,0
794,98 White Widow,Indica,20,0
795,818 OG,Indica,20,0
796,Vortex,Sativa,20,0
797,Yeti OG,Indica,20,3
798,Karamelo,Indica,20,0
799,Walker Kush,Indica,20,0
800,White Dawg,Hybrid,20,0
801,Gooberry,Hybrid,20,0
802,Strawberry Milkshake,Hybrid,20,0
803,Mazar Kush,Indica,20,0
804,Cowboy Kush,Indica,20,0
805,Grandma's Batch,Indica,20,0
806,Trinity,Sativa,20,0
807,Cookie Wreck,Hybrid,20,4
808,Cluster Bomb,Hybrid,20,0
809,Mountain Girl,Hybrid,20,0
810,Cotton Purple Chem,Hybrid,20,0
811,Colombian Gold,Sativa,20,0
812,Chronic Thunder,Indica,20,0
813,Green Goddess,Indica,20,0
814,Cherry Grapefruit,Sativa,20,0
815,Purple Punch,Indica,20,1
816,Congo,Sativa,20,0
817,Irish Cream,Indica,20,0
818,Mazar,Indica,20,0
819,Club 69,Indica,20,0
820,Early Girl,Indica,20,0
821,Mars OG,Indica,20,0
822,California Sour,Hybrid,20,0
823,Deep Chunk,Indica,20,0
824,Opium,Hybrid,21,0
825,Mountain Thunder,Sativa,21,0
826,Ancient Kush,Indica,21,0
827,Orange Hill Special,Hybrid,21,0
828,Thai Haze,Hybrid,21,0
829,Purple Sour Diesel,Sativa,21,0
830,Balmoral,Hybrid,21,0
831,Gas,Indica,21,0
832,Outer Space,Hybrid,21,0
833,Hercules,Sativa,21,0
834,Phantom Cookies,Sativa,21,0
835,Nice Cherry,Indica,21,0
836,Electric Lemonade,Sativa,21,0
837,Crazy Miss Hyde,Indica,21,1
838,Durban Cheese,Hybrid,21,0
839,Jamaican Dream,Sativa,21,0
840,Pure Afghan,Indica,21,0
841,Peaches and Cream,Sativa,21,0
842,Tyson,Indica,21,0
843,Sweet Cheese,Sativa,21,0
844,Matanuska Thunder Fuck,Hybrid,21,0
845,Keester Kush,Indica,21,0
846,Electric Lemon G,Sativa,21,0
847,Pink Mango,Sativa,21,0
848,Pink Berry,Indica,21,0
849,Purple Bush,Indica,21,0
850,Copper Kush,Hybrid,21,0
851,Frostbite,Sativa,21,0
852,Butterscotch,Hybrid,21,2
853,Fraggle Rock,Hybrid,21,0
854,Super Snow Dog,Hybrid,21,0
855,Mandala #1,Hybrid,21,0
856,Ancient OG,Indica,21,0
857,Kriss Kross,Hybrid,21,0
858,Ayahuasca Purple,Indica,21,0
859,Quantum Kush,Sativa,21,0
860,ArcticBlue,Indica,21,1
861,The Third Dimension,Sativa,21,0
862,Critical Sensi Star,Indica,21,0
863,Santa Sativa,Sativa,21,0
864,Atomic Goat,Hybrid,21,0
865,Edelweiss,Indica,21,0
866,Ecto Cooler,Sativa,21,0
867,The Sister,Indica,21,0
868,Alpha Express,Sativa,21,0
869,Blue Alien,Indica,21,0
870,Pineapple Trainwreck,Sativa,21,0
871,Lambo OG,Sativa,21,0
872,Hawaiian Cookies,Hybrid,21,0
873,Boysenberry,Hybrid,21,0
874,Blue Zombie,Indica,21,0
875,Skins Skunk,Indica,21,0
876,Double D,Sativa,21,0
877,Ghost Rider OG,Hybrid,21,0
878,Night Terror OG,Indica,21,0
879,Polar Dog,Indica,21,0
880,Mighty Glue,Indica,21,0
881,Glad Max,Hybrid,21,0
882,Sweet Berry,Hybrid,21,1
883,Wreckage,Hybrid,21,0
884,Early Miss,Indica,21,0
885,Cherry Pie Kush,Sativa,21,0
886,Gemstone,Hybrid,21,0
887,Astroboy,Sativa,21,0
888,Cherry AK-47,Sativa,21,1
889,Purple Goo,Hybrid,21,0
890,Purple Gorilla,Indica,21,0
891,Neville's Haze,Sativa,21,0
892,Royal Dutch,Hybrid,21,0
893,Lifesaver,Hybrid,21,0
894,Mako Haze,Sativa,21,0
895,Killer Queen,Hybrid,21,0
896,Zombie OG,Indica,21,0
897,Tangerine Haze,Sativa,21,0
898,Mammoth,Hybrid,21,0
899,Critical Haze,Hybrid,21,0
900,Afghani,Indica,21,1
901,Twilight,Indica,21,0
902,Jamaican,Sativa,21,0
903,Red Poison,Hybrid,21,0
904,Dream Lotus,Hybrid,21,0
905,Ether,Indica,21,0
906,Nepali OG,Indica,21,0
907,Pitbull,Indica,21,0
908,Martian Candy,Indica,21,0
909,Jack Frost,Sativa,21,0
910,Cali Gold,Indica,21,0
911,Moby Dick,Sativa,21,0
912,Walter White,Sativa,21,0
913,Afghan Haze,Sativa,21,0
914,Strawberry Ice,Sativa,21,0
915,Strawberry Dream,Hybrid,21,0
916,Sour Dream,Sativa,21,0
917,Ultraviolet,Sativa,21,0
918,Pot of Gold,Indica,21,0
919,Alien Bubba,Indica,21,0
920,Blue Mystic,Indica,21,0
921,Ray Charles,Indica,21,0
922,Purple Diesel,Sativa,21,0
923,William's Wonder,Indica,21,0
924,Mango Kush,Indica,21,0
925,Silver Pearl,Sativa,21,0
926,X-Kush #1,Indica,21,0
927,Appalachia,Hybrid,21,0
928,F.O.G.,Sativa,21,0
929,Clockwork Orange,Hybrid,21,0
930,Night Nurse,Indica,21,0
931,Obama Kush,Indica,21,0
932,BC Big Bud,Sativa,21,0
933,Mob Boss,Hybrid,21,0
934,Super Blue Dream,Hybrid,21,0
935,Blue Magoo,Indica,21,0
936,King Kong,Indica,21,0
937,XXX OG,Indica,21,0
938,King's Bread,Sativa,21,0
939,Bubbleberry,Sativa,21,0
940,Gobbstopper,Hybrid,21,0
941,Honey Boo Boo,Indica,21,0
942,Blue Thai,Hybrid,21,0
943,LA Kush,Indica,21,0
944,Tahoe OG,Hybrid,21,0
945,J-27,Sativa,22,0
946,Grand Poobah,Indica,22,0
947,Selene,Hybrid,22,0
948,Irish Kush,Indica,22,0
949,Afghan Cow,Sativa,22,0
950,Titanium,Hybrid,22,0
951,Red Diesel,Hybrid,22,0
952,Kid N Kookies,Indica,22,0
953,Oregon Diesel,Indica,22,0
954,Project Blue Book,Hybrid,22,0
955,Red Haze,Sativa,22,0
956,Orange Velvet,Hybrid,22,0
957,Government Mule,Indica,22,0
958,Diesel Glue,Sativa,22,0
959,Dark Shadow Haze,Sativa,22,0
960,Honey Bananas,Hybrid,22,0
961,KC 33,Indica,22,0
962,Cannalope Kush,Sativa,22,0
963,Spliffs Strawberry,Sativa,22,0
964,Arjan's Haze,Sativa,22,0
965,Purple Maui,Sativa,22,0
966,Space Candy,Hybrid,22,0
967,Purple Paralysis,Sativa,22,0
968,Crown Royale,Indica,22,0
969,Pestilence,Indica,22,0
970,Fat Nelson,Sativa,22,0
971,White Dragon,Indica,22,0
972,White Russian,Hybrid,22,0
973,Mr Tusk,Indica,22,0
974,Lemonberry,Sativa,22,1
975,Black Haze,Sativa,22,0
976,Martian Mean Green,Sativa,22,0
977,White Berry,Indica,22,0
978,Fat Albert,Indica,22,0
979,OG Poison,Indica,22,0
980,Richie Rich,Indica,22,0
981,Blue Bayou,Sativa,22,0
982,Randy Savage,Indica,22,0
983,Blue Goo,Hybrid,22,0
984,Purple Cheese,Hybrid,22,0
985,Purple Berry,Indica,22,0
986,OG LA Affie,Indica,22,0
987,Blue Frost,Indica,22,0
988,Pink Lemonade,Indica,22,0
989,Chocolope,Sativa,22,0
990,Elvis,Sativa,22,0
991,iPot,Sativa,22,0
992,Ultra Sonja,Sativa,22,0
993,White Diesel,Indica,22,0
994,Blueberry Skunk,Indica,22,0
995,Cheesequake,Indica,22,0
996,Pagoda,Sativa,22,0
997,Legendary Lemon,Sativa,22,0
998,Vanilla Kush,Indica,22,0
999,Kolossus,Hybrid,22,0
1000,Twista,Hybrid,22,0
1001,Cherry Skunk,Indica,22,0
1002,Cherries Jubilee,Indica,22,0
1003,Snow White,Indica,22,0
1004,White Nightmare,Sativa,22,0
1005,Carl Sagan,Sativa,22,0
1006,God's Treat,Indica,22,0
1007,Chem Crush,Hybrid,22,0
1008,Shangri-La,Sativa,22,0
1009,Chocolate Chunk,Indica,22,0
1010,Diamond OG,Indica,22,0
1011,Cindy White,Hybrid,22,0
1012,Sinai,Hybrid,22,0
1013,Confidential Wreck,Hybrid,22,0
1014,Transformer,Hybrid,22,0
1015,Haze Berry,Sativa,22,0
1016,Biddy Early,Hybrid,22,0
1017,Blue Galaxy,Indica,22,0
1018,Soul Shine,Sativa,22,0
1019,Critical Kali Mist,Sativa,22,0
1020,Sunlight Skunk,Hybrid,22,0
1021,Thai,Sativa,22,0
1022,Damn Sour,Sativa,22,0
1023,Dark Side of the Moon,Indica,22,0
1024,MK Ultra,Indica,22,0
1025,Frosty,Indica,22,2
1026,Dreadlock,Hybrid,22,0
1027,South Asian Sativa,Sativa,22,0
1028,Dizzy OG,Hybrid,22,0
1029,C4,Indica,22,0
1030,Sour Lemon OG,Sativa,22,0
1031,Tesla Tower,Sativa,22,0
1032,White Walker Kush,Indica,22,0
1033,Aurora Borealis,Hybrid,22,0
1034,X Files,Hybrid,22,0
1035,Hemlock,Hybrid,22,0
1036,Yoda OG,Indica,22,0
1037,Purple Widow,Indica,22,1
1038,Super Lemon OG,Indica,22,0
1039,Blackberry Snow Cone,Indica,22,0
1040,Black Magic,Indica,22,0
1041,Berry Larry,Indica,22,0
1042,Arctic Sun,Sativa,22,0
1043,Golden Nugget,Indica,22,0
1044,Stardawg,Sativa,22,0
1045,Grape Stomper,Sativa,22,1
1046,Blue Treat,Indica,22,0
1047,Watermelon,Indica,22,0
1048,Seattle Cough,Sativa,22,0
1049,Heaven Scent,Hybrid,22,0
1050,Hawaiian Diesel,Sativa,22,0
1051,Dr. Funk,Indica,22,0
1052,Dream Girl,Hybrid,22,0
1053,Sour Jack,Hybrid,22,0
1054,Milky Way,Sativa,22,0
1055,Goji OG,Hybrid,22,1
1056,Green Python,Indica,22,0
1057,Green Avenger,Hybrid,22,0
1058,Endless Sky,Indica,22,0
1059,Killing Fields,Sativa,22,0
1060,Earth OG,Indica,22,0
1061,Irene Kush,Sativa,22,0
1062,Kahuna,Hybrid,22,0
1063,Haze Heaven,Indica,22,0
1064,Chernobyl,Sativa,22,0
1065,Emerald OG,Indica,22,0
1066,Alchemy,Hybrid,22,8
1067,Early Skunk,Indica,22,0
1068,White Skunk,Indica,22,0
1069,Lemon Pie,Sativa,22,0
1070,Lucky Charms,Hybrid,22,0
1071,Triple Diesel,Hybrid,22,0
1072,Puna Budder,Hybrid,22,0
1073,Tree of Life,Sativa,22,0
1074,Peyton Manning,Sativa,22,0
1075,Ice Cream,Indica,22,0
1076,The Truth,Sativa,22,0
1077,Dinachem,Sativa,22,0
1078,Tangie,Sativa,22,0
1079,Joliet Jake,Indica,22,0
1080,Godzilla Glue,Hybrid,22,0
1081,Skunk #1,Indica,22,0
1082,Tropical Tang,Sativa,22,0
1083,Truth Serum,Hybrid,22,0
1084,Wet Dream,Sativa,22,0
1085,Violator Kush,Indica,22,2
1086,Kuchi,Indica,22,0
1087,Tora Bora,Indica,22,0
1088,Nuclear Cookies,Hybrid,22,0
1089,Wappa,Indica,22,0
1090,Strawberry Cheesecake,Indica,22,2
1091,Alpha Cow,Sativa,22,0
1092,White Walker OG,Hybrid,22,0
1093,Colorado Chem,Hybrid,22,0
1094,Crosswalker,Indica,22,0
1095,Alaskan Ice,Sativa,22,0
1096,Double Diesel,Sativa,22,0
1097,Kubbie Kush,Indica,22,0
1098,Fifth Element,Indica,22,0
1099,Blue Satellite,Hybrid,22,0
1100,Dreamer's Glass,Sativa,22,0
1101,Jamaican Pearl,Sativa,22,0
1102,Supernatural,Sativa,22,0
1103,White Lotus,Hybrid,22,0
1104,Super Kush,Hybrid,22,0
1105,Wonka's Bubblicious,Sativa,22,0
1106,Cinderella 99,Sativa,22,0
1107,Willie Nelson,Sativa,22,0
1108,Red Cherry Berry,Hybrid,22,1
1109,Wonder Haze,Sativa,22,0
1110,White Smurf,Hybrid,22,0
1111,West OG,Indica,22,0
1112,Jack Haze,Hybrid,22,0
1113,Punky Lion,Indica,22,0
1114,Blue Crack,Sativa,22,0
1115,Lemon Skunk,Sativa,22,0
1116,Arabian Gold,Hybrid,22,0
1117,Berry White,Indica,22,0
1118,White Rhino,Indica,22,0
1119,Lemon Thai,Hybrid,22,0
1120,Odyssey,Hybrid,22,0
1121,Pink Kush,Indica,22,0
1122,Sour Banana Sherbet,Hybrid,22,0
1123,Pineapple Haze,Sativa,22,0
1124,Red Dragon,Sativa,22,0
1125,SleeSkunk,Sativa,22,0
1126,NYC Diesel,Sativa,22,0
1127,Critical Mass,Indica,22,0
1128,Bob Barker,Indica,22,0
1129,Chemdawg,Hybrid,22,0
1130,The Cough,Sativa,22,0
1131,Casey Jones,Sativa,22,0
1132,Jack Smack,Hybrid,22,0
1133,Slimer OG,Indica,22,0
1134,Princess's Tiara,Hybrid,22,0
1135,Placenta,Indica,22,0
1136,K-Train,Hybrid,22,0
1137,Panama Punch,Sativa,23,0
1138,Woody Kush,Indica,23,0
1139,Melon Gum,Indica,23,0
1140,Earthquake,Hybrid,23,0
1141,Blueberry Diesel,Indica,23,0
1142,Somango,Indica,23,0
1143,Las Vegas Purple Kush,Indica,23,0
1144,Mother of All Cherries,Indica,23,0
1145,P-51,Indica,23,0
1146,Superstar,Sativa,23,0
1147,Blueberry Haze,Sativa,23,0
1148,Ice Queen,Sativa,23,0
1149,Industrial Plant,Hybrid,23,0
1150,9 Pound Hammer,Indica,23,0
1151,Pink Death Star,Indica,23,0
1152,Megalodon,Sativa,23,0
1153,Mango Dream,Hybrid,23,0
1154,Alice In Wonderland,Sativa,23,0
1155,Ill OG,Indica,23,0
1156,Kashmir Kush,Hybrid,23,0
1157,Pink Champagne,Indica,23,0
1158,Lemon Drop,Sativa,23,0
1159,Afghan Diesel,Hybrid,23,0
1160,Cannasutra,Indica,23,0
1161,Blue Venom,Indica,23,0
1162,Cactus Cooler,Sativa,23,0
1163,Platinum Purple Kush,Indica,23,0
1164,Pink Pez,Hybrid,23,0
1165,Central American,Sativa,23,0
1166,Cherry Sherbet,Indica,23,0
1167,Chloe,Sativa,23,0
1168,White Urkle,Hybrid,23,0
1169,Chong Star,Hybrid,23,0
1170,Strawberry Kush,Sativa,23,0
1171,Blue Magic,Hybrid,23,0
1172,Throwback Kush,Indica,23,0
1173,Jager,Indica,23,0
1174,Denver Maple,Indica,23,0
1175,Russian Assassin,Indica,23,0
1176,Hippie Chicken,Sativa,23,0
1177,Sequoia Strawberry,Sativa,23,0
1178,Grand Hustle,Hybrid,23,0
1179,Granddaddy Purple,Indica,23,0
1180,3x Crazy,Hybrid,23,0
1181,Berry Bomb,Indica,23,0
1182,Strawberry Cough,Sativa,23,0
1183,Root Beer Kush,Sativa,23,0
1184,Romping Goddess,Hybrid,23,0
1185,Fruity Pebbles,Indica,23,0
1186,Pineapple Sage,Sativa,23,14
1187,Tutti Frutti,Hybrid,23,0
1188,Pinot Green,Sativa,23,0
1189,Cherry OG,Hybrid,23,0
1190,Purple Tonic,Indica,23,0
1191,Purple People Eater,Indica,23,0
1192,Bubba Kush,Indica,23,0
1193,Jack Diesel,Sativa,23,0
1194,Hindu Skunk,Indica,23,0
1195,Lemon Bubble,Sativa,23,0
1196,Silver Back,Indica,23,0
1197,Silver Nina,Sativa,23,0
1198,Northern Cross,Sativa,23,0
1199,Foul Mouth,Indica,23,0
1200,Fat Purple,Hybrid,23,0
1201,Lady Liberty,Hybrid,23,0
1202,Pink Bubba,Indica,23,0
1203,Orange Wreck,Sativa,23,0
1204,Sour Joker,Sativa,23,0
1205,Sour Flower,Hybrid,23,0
1206,La Nina,Sativa,23,0
1207,Mt Cook,Indica,23,0
1208,King Cake,Hybrid,23,0
1209,Snow Mountain,Indica,23,0
1210,Mt Rainier,Hybrid,23,0
1211,Snow Diesel,Indica,23,0
1212,Neptune OG,Hybrid,23,0
1213,Cookie Monster,Indica,23,0
1214,The Doctor,Indica,23,0
1215,Euforia,Sativa,23,0
1216,Nova,Indica,23,0
1217,Cit·Rix,Sativa,23,0
1218,Zkittlez,Indica,23,0
1219,8 Miles High,Sativa,23,0
1220,Loud Scout,Indica,23,0
1221,Blue Diesel,Indica,23,0
1222,Chocolate Meringue,Indica,23,0
1223,Chocolate Drop,Indica,23,0
1224,Blackberry Diesel,Sativa,23,0
1225,Carnival,Sativa,23,0
1226,Locktite,Indica,23,0
1227,Champagne Diesel,Sativa,23,1
1228,Sputnik,Sativa,23,0
1229,Ghost Bubba,Indica,23,0
1230,Beast Mode 2.0,Indica,23,21
1231,J1,Sativa,23,0
1232,Lemon G,Sativa,23,0
1233,Banana Diesel,Indica,23,1
1234,BSC,Hybrid,23,0
1235,Monkey Paw,Indica,23,0
1236,Acid,Indica,23,0
1237,Brains Damage,Indica,23,0
1238,Blue Bastard,Indica,23,0
1239,NightFire OG,Sativa,23,0
1240,Oaxacan Highland,Sativa,23,0
1241,Strawberry Mango Haze,Sativa,23,0
1242,C3,Indica,23,0
1243,Harley Storm,Sativa,23,0
1244,Bubblegum Kush,Indica,23,0
1245,Velvet Bud,Sativa,23,0
1246,Super Silver Haze,Sativa,23,0
1247,Legend of Nigeria,Sativa,23,0
1248,Grape Drink,Indica,23,0
1249,Lemon Ice,Sativa,23,0
1250,Strawberry OG,Sativa,23,0
1251,Blockhead,Indica,23,0
1252,Destroyer,Sativa,23,0
1253,Kurple Fantasy,Indica,23,1
1254,Medicine Man,Indica,23,0
1255,Pineapple Purps,Sativa,23,0
1256,Money Maker,Indica,23,0
1257,Supergirl,Indica,23,0
1258,Locomotion,Indica,23,0
1259,Apple Fritter,Hybrid,23,0
1260,Lennon,Sativa,23,0
1261,Schrom,Sativa,23,0
1262,Inferno Haze,Hybrid,23,3
1263,Bubba Fresh,Indica,23,0
1264,California Love OG,Hybrid,23,0
1265,Brain Candy,Hybrid,23,0
1266,Urkle Train Haze,Indica,23,0
1267,Recon,Indica,23,0
1268,Zeus OG,Sativa,23,0
1269,Marionberry Kush,Indica,23,0
1270,Glass Apple,Sativa,23,0
1271,Atmosphere,Hybrid,23,0
1272,Acapulco Gold,Sativa,23,0
1273,Blue Monster,Indica,23,0
1274,Ghost Cookies,Indica,23,0
1275,White Elephant,Hybrid,23,0
1276,Animal Blues,Indica,23,0
1277,Area 51,Hybrid,23,0
1278,Mint Chocolate Chip,Sativa,23,0
1279,Hog,Indica,23,0
1280,Jack Burton,Indica,23,0
1281,Swiss Bliss,Sativa,23,0
1282,Shoreline,Sativa,23,0
1283,Golden Lemon,Indica,23,0
1284,Webster,Sativa,23,0
1285,Snow Ryder,Indica,23,0
1286,Patti Cake,Hybrid,23,0
1287,Soul Assassin OG,Indica,23,0
1288,Sweet Dream,Sativa,23,0
1289,Golden Goat,Sativa,23,1
1290,Night Train,Hybrid,23,0
1291,Black Cheese,Indica,23,0
1292,Space Dawg,Indica,23,0
1293,Green Crack,Sativa,24,0
1294,Mad Dawg,Sativa,24,0
1295,Longbottom Leaf,Sativa,24,1
1296,Honey Lemon Cheese,Hybrid,24,0
1297,Jack Herer,Sativa,24,0
1298,Sour Jilly,Sativa,24,0
1299,Snowcap,Hybrid,24,4
1300,Paris XXX,Indica,24,0
1301,707 Headband,Indica,24,0
1302,Island Haze,Sativa,24,0
1303,Black Diamond,Indica,24,0
1304,Black Ice,Indica,24,0
1305,Blue Diamond,Indica,24,1
1306,Cookie Puss,Hybrid,24,0
1307,Poison Haze,Sativa,24,0
1308,Rolls Choice,Sativa,24,0
1309,Malawi,Sativa,24,0
1310,Or,Indica,24,0
1311,XJ-13,Hybrid,24,0
1312,Dynamite,Indica,24,0
1313,Q3,Hybrid,24,0
1314,Ghost OG,Indica,24,0
1315,Blueberry Kush,Indica,24,0
1316,Purple Sage,Indica,24,0
1317,Peppermint Cookies,Hybrid,24,0
1318,Alien Rift,Indica,24,0
1319,Jock Horror,Sativa,24,0
1320,Boy Scout Cookies,Hybrid,24,0
1321,Timewreck,Sativa,24,0
1322,Platinum OG,Indica,24,0
1323,Elmer's Glue,Indica,24,0
1324,Josh D OG,Indica,24,0
1325,Nightmare Cookies,Sativa,24,0
1326,Strawberry Fields,Indica,24,1
1327,Sugar Pine,Sativa,24,0
1328,Super Jack,Sativa,24,0
1329,Thin Mint Cookies,Hybrid,24,0
1330,Blue Buddha,Indica,24,0
1331,Mango,Hybrid,24,0
1332,Chemdawg 91,Hybrid,24,0
1333,Black Afghan,Indica,24,0
1334,Birds of Paradise,Sativa,24,0
1335,Terminator OG,Indica,24,0
1336,Lemon OG,Indica,24,0
1337,Burnt Cookies,Hybrid,24,0
1338,Lost Sierra Night Nurse,Hybrid,24,1
1339,Monkey Thunder,Sativa,24,0
1340,Mother of Berries,Indica,24,0
1341,G1000,Indica,24,0
1342,Bedford Glue,Hybrid,24,0
1343,Green Goblin,Sativa,24,1
1344,Purple Arrow,Indica,24,4
1345,Katsu Bubba Kush,Indica,24,0
1346,Hawaiian Snow,Sativa,24,0
1347,American Beauty,Hybrid,24,0
1348,Mission Kush,Sativa,24,0
1349,Blueberry,Indica,24,0
1350,XXX 420,Indica,24,0
1351,Connie Chung,Indica,24,0
1352,Sunset Sherbet,Indica,24,0
1353,Blood Orange Kush,Indica,24,0
1354,Captain's Cake,Indica,24,15
1355,Sour Grape,Hybrid,24,0
1356,Laughing Gas,Sativa,24,0
1357,Lazy Train,Sativa,24,0
1358,Double Tap,Indica,24,0
1359,Hades OG,Hybrid,24,0
1360,Salmon River OG,Indica,24,0
1361,Satellite OG,Indica,24,0
1362,Scooby Snacks,Hybrid,24,0
1363,Shark Bite,Hybrid,24,1
1364,Silver Train,Sativa,24,0
1365,Larry OG,Indica,24,1
1366,Holy Grail Kush,Indica,24,4
1367,Frosty Jesus,Hybrid,24,0
1368,Skunk Dawg,Sativa,24,0
1369,LSD,Indica,24,0
1370,Sour Cheese,Sativa,24,0
1371,Sour Chocolate,Sativa,24,0
1372,Platinum Girl Scout Cookies,Indica,24,0
1373,Blue Hawaiian,Hybrid,24,0
1374,Blue Dragon,Indica,24,0
1375,Great White Shark,Indica,24,0
1376,Orange Kush,Hybrid,24,0
1377,Raspberry Cough,Sativa,24,0
1378,South Central LA,Indica,24,0
1379,Orange Blossom,Indica,24,0
1380,Mad Scientist,Indica,24,0
1381,Pink Cookies,Hybrid,24,0
1382,Golden Tiger,Sativa,24,0
1383,Pokie,Indica,24,0
1384,Grape Cookies,Indica,24,0
1385,Glue Tech,Indica,24,0
1386,Banana Candy,Indica,24,0
1387,Grape Skunk,Indica,24,3
1388,Atomic Northern Lights,Indica,24,0
1389,Green Kush,Hybrid,24,0
1390,White Ryder,Indica,24,0
1391,Blue Wreck,Hybrid,24,0
1392,Verde Electric,Hybrid,24,0
1393,Blue Kiss,Indica,24,0
1394,Sweet Dreams,Hybrid,24,0
1395,Bloodhound,Indica,24,0
1396,G13 Haze,Indica,24,1
1397,Green Crack Extreme,Sativa,24,0
1398,White OG,Hybrid,24,0
1399,24K Gold,Indica,24,0
1400,Alpha OG,Indica,24,0
1401,Alpine Star,Indica,24,0
1402,Charlie Sheen,Sativa,24,0
1403,Silver Kush,Sativa,24,0
1404,Higher Power,Sativa,24,0
1405,WSU,Indica,24,0
1406,True OG,Hybrid,24,0
1407,Jack 47,Sativa,24,2
1408,Pink Panties,Indica,24,0
1409,Nurse Jackie,Sativa,24,0
1410,Jane Doe,Hybrid,24,0
1411,Goo,Indica,24,0
1412,Special K,Hybrid,24,0
1413,Purple Thai,Sativa,24,0
1414,Critical Skunk,Sativa,24,0
1415,Diamond Socks,Hybrid,24,0
1416,Zoom Pie,Indica,24,0
1417,Tokyo OG,Indica,24,0
1418,Disney Blue,Hybrid,24,0
1419,Travel Joint,Indica,24,0
1420,Blackberry Haze,Sativa,24,0
1421,Black Cherry Cheesecake,Indica,24,0
1422,Green Candy,Hybrid,24,0
1423,Cookies and Dream,Sativa,24,0
1424,Asian Fantasy,Sativa,24,0
1425,Electric Black Mamba,Indica,24,2
1426,Purple Cream,Hybrid,24,0
1427,Citrus Sap,Sativa,24,0
1428,Fortune Cookies,Sativa,24,0
1429,Cookie Jar,Indica,24,0
1430,Incredible Hulk,Sativa,24,0
1431,Full Moon,Sativa,24,0
1432,Blue Moon Rocks,Indica,24,0
1433,Black Bubba,Indica,24,0
1434,LA OG,Hybrid,24,0
1435,Early Pearl,Sativa,24,0
1436,Enigma,Sativa,24,0
1437,The Flav,Indica,24,0
1438,Stevie Wonder,Sativa,24,0
1439,Batgirl,Sativa,24,0
1440,White Dream,Hybrid,24,0
1441,LA Jack,Sativa,24,0
1442,Cactus,Sativa,24,0
1443,Butter OG,Indica,24,0
1444,NYPD,Sativa,24,0
1445,Legalized OG,Indica,24,0
1446,Sour Sunset,Indica,24,0
1447,Morning Star,Sativa,24,0
1448,Sunburn,Sativa,24,0
1449,Sapphire Star,Hybrid,24,0
1450,Lemon Daddy,Sativa,24,0
1451,Lemon Fire,Hybrid,24,0
1452,Medicine Woman,Sativa,24,0
1453,Pure Kush,Indica,24,0
1454,Bio Diesel,Hybrid,24,1
1455,Ms Universe,Hybrid,24,0
1456,ICED Grapefruit,Sativa,24,0
1457,Space Cream,Indica,24,0
1458,Aloha,Sativa,24,0
1459,Limon,Sativa,24,0
1460,The Ooze,Indica,24,0
1461,Green Love Potion,Indica,24,0
1462,KC 36,Indica,24,0
1463,Green Dream,Hybrid,24,0
1464,Sugar Punch,Hybrid,24,0
1465,Mercury OG,Indica,24,0
1466,Future,Hybrid,24,0
1467,Pineapple Thai,Sativa,24,5
1468,White Lightening,Hybrid,24,0
1469,Incredible Bulk,Indica,24,0
1470,Cataract Kush,Indica,25,0
1471,Birds Eye,Hybrid,25,0
1472,Starry Night,Hybrid,25,0
1473,Lee Roy,Indica,25,0
1474,Mega Jackpot,Sativa,25,0
1475,Lemon Sorbet 3,Indica,25,0
1476,Hong Kong,Hybrid,25,0
1477,Purple Bubba,Indica,25,0
1478,Biker Kush,Indica,25,0
1479,Harlequin GDP,Sativa,25,0
1480,Hawaiian,Sativa,25,1
1481,Super Lemon Haze,Sativa,25,0
1482,Lemon Cake,Sativa,25,0
1483,Tina Danza,Hybrid,25,0
1484,Batman OG,Indica,25,0
1485,SAGE,Sativa,25,0
1486,Gorilla Girl,Sativa,25,0
1487,Snow Lotus,Indica,25,0
1488,Moonshine Haze,Sativa,25,0
1489,Amnesia Haze,Sativa,25,0
1490,Cherry Kola,Indica,25,0
1491,SinMint Cookies,Indica,25,0
1492,Cherry Durban Poison,Sativa,25,0
1493,Guava Gelato,Hybrid,25,0
1494,Toxic Punch,Hybrid,25,0
1495,Urban Poison,Sativa,25,0
1496,Gypsy Kush,Indica,25,2
1497,Sonoma Coma,Sativa,25,0
1498,East Coast Sour Diesel,Sativa,25,0
1499,Chocolate Hashberry,Hybrid,25,0
1500,Blucifer,Sativa,25,0
1501,Blue Champagne,Sativa,25,1
1502,Deadhead OG,Sativa,25,0
1503,Black Lotus,Indica,25,0
1504,Black Jack,Indica,25,0
1505,Blackberry Fire,Indica,25,0
1506,Southern Lights,Sativa,25,0
1507,Sour Headband,Sativa,25,0
1508,Cherry Vanilla Cookies,Hybrid,25,0
1509,Banana Split,Indica,25,0
1510,Cherry Sauce,Hybrid,25,0
1511,Super Cheese,Indica,25,0
1512,Tangerine Power,Sativa,25,0
1513,Cherry Fire,Hybrid,25,0
1514,Platinum Wreck,Sativa,25,0
1515,Larry Bird Kush,Hybrid,25,1
1516,Bio Chem,Indica,25,0
1517,Black 84,Indica,25,1
1518,California Limes,Sativa,25,0
1519,Wally OG,Hybrid,25,0
1520,Captain America OG,Hybrid,25,1
1521,White Gold,Indica,25,0
1522,Beyond the Brain,Sativa,25,0
1523,Bright Fire,Indica,25,0
1524,Bell Ringer,Indica,25,0
1525,Papaya,Indica,25,0
1526,Yogi Diesel,Sativa,25,0
1527,Purple Elephant,Hybrid,25,1
1528,1024,Sativa,25,4
1529,Sleestack,Sativa,25,0
1530,El Jefe,Indica,25,0
1531,BC Roadkill,Indica,25,0
1532,Gelato #33,Indica,25,0
1533,Blueberry Yum Yum,Sativa,25,0
1534,Tres Dawg,Hybrid,25,1
1535,Tangerine Dream,Sativa,25,0
1536,Jean Guy,Sativa,25,0
1537,Ingrid,Indica,25,0
1538,White Empress,Indica,25,0
1539,White Gorilla,Indica,25,0
1540,Galactica OG,Indica,25,0
1541,White Fire OG,Indica,25,1
1542,Ghost Train Haze,Sativa,25,0
1543,Ginger Ale,Hybrid,25,0
1544,God's Gift,Indica,25,0
1545,Penelope,Hybrid,25,0
1546,$100 OG Kush,Hybrid,25,0
1547,Sirius Black,Indica,25,0
1548,Venus OG,Hybrid,25,0
1549,Big Kush,Hybrid,25,0
1550,Mother's Helper,Hybrid,25,0
1551,Blackberry Cream,Indica,25,0
1552,Gelato,Hybrid,25,0
1553,Papa's OG,Indica,25,0
1554,Lemon Sativa,Sativa,25,0
1555,Platinum Bubba Kush,Indica,25,0
1556,Blue Cookies,Indica,25,0
1557,Royal Kush,Indica,25,0
1558,Conspiracy Kush,Indica,25,0
1559,Cookie Dough,Hybrid,25,0
1560,Supernova,Indica,25,0
1561,Lethal Purple,Indica,25,0
1562,Six Shooter,Hybrid,25,0
1563,Purple Frost,Indica,25,0
1564,Smooth Operator,Indica,25,0
1565,Himalayan Gold,Indica,25,2
1566,Fruit Punch,Sativa,25,0
1567,Northwest Pineapple,Indica,25,0
1568,Omega Dawg,Hybrid,25,0
1569,Juicy Jack,Hybrid,25,0
1570,Blue Lemon,Indica,25,0
1571,Purple Afghani,Indica,25,0
1572,Bay 11,Sativa,25,0
1573,Pineapple Upside Down Cake,Indica,25,0
1574,Banana OG,Indica,25,0
1575,Kelly Hill Gold,Indica,25,0
1576,Grape Ape,Indica,25,0
1577,Humboldt,Hybrid,25,0
1578,Dream Star,Indica,25,0
1579,Jazz,Sativa,25,0
1580,Grapefruit Haze,Hybrid,25,0
1581,White Buffalo,Sativa,25,0
1582,God's Green Crack,Hybrid,25,0
1583,Wedding Cake,Indica,25,0
1584,God's Bubba,Indica,25,0
1585,Sunshine Daydream,Indica,25,0
1586,Professor Chaos,Sativa,25,0
1587,Purple Tide,Hybrid,25,0
1588,Grape God,Indica,25,0
1589,OG Shark,Hybrid,25,0
1590,Dutch Kush,Indica,25,0
1591,Bubblicious,Indica,25,0
1592,Secret Recipe,Sativa,25,0
1593,Snoop's Dream,Hybrid,25,0
1594,Key Lime Pie,Hybrid,25,0
1595,Glass Slipper,Sativa,25,0
1596,Logic Diesel,Hybrid,25,0
1597,Black Mamba,Indica,25,0
1598,Panda OG,Sativa,25,0
1599,Cookies and Cream,Hybrid,25,0
1600,White Queen,Indica,25,0
1601,Master Jedi,Hybrid,25,0
1602,Narnia,Sativa,25,0
1603,Russian Doll,Sativa,25,0
1604,Nicole Kush,Indica,25,0
1605,Private Reserve,Hybrid,25,0
1606,Thai Girl,Sativa,25,0
1607,Lemon Haze,Sativa,25,0
1608,Sour Pebbles,Hybrid,25,0
1609,Snow Monster,Indica,25,0
1610,River Song,Indica,25,0
1611,Mickey Kush,Sativa,25,0
1612,Loyalty,Indica,25,0
1613,Purple Nepal,Indica,25,0
1614,Sugar Cookie,Hybrid,25,0
1615,OGKB,Indica,25,0
1616,Sour Diesel,Sativa,25,0
1617,Hawaiian Punch,Sativa,25,0
1618,Magic Jordan,Indica,25,6
1619,Sour Kush,Indica,26,0
1620,Black Betty,Hybrid,26,4
1621,Sublime,Sativa,26,0
1622,Middlefork,Sativa,26,0
1623,Death Star,Indica,26,0
1624,Boss OG,Hybrid,26,1
1625,X Wing,Indica,26,0
1626,Venice OG,Sativa,26,0
1627,Bright Moments,Hybrid,26,0
1628,Purple Mr. Nice,Hybrid,26,0
1629,Durban Poison,Sativa,26,0
1630,Buddha's Tooth,Indica,26,0
1631,Road Dawg,Indica,26,0
1632,Lemon Kush,Hybrid,26,6
1633,Sour Haze,Sativa,26,0
1634,White Fire Alien OG,Indica,26,0
1635,Black Russian,Indica,26,0
1636,Blueberry Dream,Sativa,26,0
1637,Blowfish,Indica,26,0
1638,Ripped Bubba,Indica,26,0
1639,Pineapple Dog Shit,Sativa,26,0
1640,Omega,Hybrid,26,0
1641,OG's Pearl,Indica,26,0
1642,Cherry Bomb,Hybrid,26,0
1643,Molokai Frost,Sativa,26,0
1644,Rug Burn OG,Indica,26,0
1645,Monster OG,Indica,26,0
1646,Afwreck,Sativa,26,0
1647,Huckleberry,Hybrid,26,0
1648,Galactic Jack,Sativa,26,0
1649,Purple Urkle,Indica,26,0
1650,Forbidden Fruit,Indica,26,0
1651,Starfighter,Indica,26,0
1652,Super Sour Diesel,Sativa,26,0
1653,Chocolate Skunk,Sativa,26,0
1654,Cinex,Sativa,26,0
1655,Phantom OG,Hybrid,26,0
1656,Pineapple OG,Sativa,26,0
1657,Rare Darkness,Indica,26,0
1658,Cherry Thunder Fuck,Indica,26,0
1659,Cherry Cookies,Hybrid,26,0
1660,Kali Dog,Sativa,26,0
1661,Raspberry Cookies,Indica,26,0
1662,Sourlope,Sativa,26,0
1663,LAPD,Hybrid,26,0
1664,White Knight,Indica,26,0
1665,LA Confidential,Indica,26,0
1666,THC Bomb,Hybrid,26,0
1667,Kushadelic,Indica,26,0
1668,Dream Beaver,Sativa,26,0
1669,Shishkaberry,Indica,26,0
1670,Buddha Haze,Sativa,26,0
1671,Cambodian,Sativa,26,0
1672,Saturn OG,Hybrid,26,0
1673,Blue Steel,Indica,26,0
1674,Skywalker OG,Indica,26,0
1675,Cherry Limeade,Hybrid,26,0
1676,Dog Shit,Sativa,26,0
1677,Sour Poison,Sativa,26,0
1678,Belladonna,Sativa,26,0
1679,Big Sur Holy Bud,Sativa,26,0
1680,Sin City Kush,Indica,26,0
1681,Silver Surfer,Hybrid,26,0
1682,Double OG,Indica,26,0
1683,Triangle Kush,Indica,26,0
1684,OG Skunk,Sativa,26,0
1685,Hawaiian Haze,Sativa,26,0
1686,Love Potion #9,Indica,26,0
1687,Sour Ape,Indica,26,0
1688,West Coast Diesel,Sativa,26,0
1689,Heavy Duty Fruity,Sativa,26,0
1690,Chemdawg Sour Diesel,Sativa,26,0
1691,Lost Coast Ghost,Indica,26,0
1692,Arcata Trainwreck,Sativa,26,0
1693,Scott's OG,Indica,26,0
1694,Fruit Crusher,Hybrid,26,0
1695,Golden Ticket,Hybrid,26,0
1696,Presidential OG,Indica,26,0
1697,Bay Dream,Sativa,26,0
1698,Dreamcatcher,Indica,26,0
1699,Pure Power,Sativa,26,0
1700,303 OG,Indica,26,0
1701,Black Cherry Pie,Hybrid,26,0
1702,Sugar Plum,Sativa,26,0
1703,Shark's Breath,Indica,26,0
1704,Big Smooth,Indica,26,0
1705,G Force,Indica,26,0
1706,The Blood,Sativa,26,0
1707,Purple Trainwreck,Hybrid,26,2
1708,Red Headed Stranger,Indica,26,0
1709,Blue Haze,Indica,26,0
1710,Pineapple Chunk,Indica,26,1
1711,Quebec Gold,Hybrid,26,0
1712,B4,Hybrid,26,0
1713,Mango Tango,Indica,26,0
1714,Blue Persuasion,Hybrid,26,0
1715,Double Dream,Sativa,26,0
1716,Cherry Pie,Indica,26,0
1717,Light of Jah,Sativa,26,0
1718,Atomic Bomb,Hybrid,26,0
1719,Maui,Sativa,26,0
1720,Lemon Marmalade,Hybrid,27,0
1721,American Kush,Indica,27,0
1722,Blue Dream,Hybrid,27,2
1723,Headband,Indica,27,0
1724,Pineapple Skunk,Indica,27,0
1725,OG Kush,Sativa,27,0
1726,Ogre Kush,Indica,27,0
1727,Scroopy Noopers,Hybrid,27,0
1728,Twisted Citrus,Hybrid,27,0
1729,Sour OG,Hybrid,27,0
1730,Pine Queen Dream,Sativa,27,0
1731,Donegal,Sativa,27,0
1732,Sour Maui,Sativa,27,0
1733,Kryptonite,Indica,27,0
1734,Skunk 47,Indica,27,0
1735,Cadillac Purple,Hybrid,27,0
1736,Purple Kush,Indica,27,0
1737,OG Los Angeles Kush,Indica,27,0
1738,G-13,Indica,27,0
1739,Krishna Kush,Indica,27,0
1740,Sour Apple,Indica,27,0
1741,Violet Delight,Hybrid,27,0
1742,Pineapple Express,Sativa,27,0
1743,Ace Killer OG,Indica,27,2
1744,Death Bubba,Indica,27,0
1745,Haze,Sativa,27,0
1746,Berry Sanders,Sativa,27,0
1747,Clementine,Sativa,27,0
1748,Blue Boy,Sativa,27,0
1749,Carpet Tape,Hybrid,27,0
1750,Pink Sunset,Indica,27,0
1751,Venom OG,Hybrid,27,0
1752,Swazi Gold,Sativa,27,0
1753,God Bud,Indica,27,7
1754,Sunshine,Sativa,27,0
1755,Hippie Crippler,Hybrid,27,0
1756,The Fork,Sativa,27,0
1757,Alaskan Thunderfuck,Sativa,27,0
1758,Chem Jack,Sativa,27,0
1759,Khufu,Indica,27,0
1760,Animal Cookies,Indica,27,0
1761,Bubba OG,Indica,27,0
1762,Candy Jack,Sativa,27,1
1763,Snowland,Indica,27,0
1764,Pearl Scout Cookies,Indica,27,0
1765,Gas Mask,Indica,27,0
1766,Burkle,Indica,27,0
1767,Donkey Butter,Indica,27,0
1768,Cabbage Patch,Hybrid,27,0
1769,LA Sunshine,Hybrid,27,0
1770,Lemon Bananas,Hybrid,27,0
1771,Critical Widow,Sativa,27,0
1772,Strawberry Diesel,Hybrid,27,0
1773,Mimosa,Sativa,27,0
1774,Confidential Cookies,Indica,27,0
1775,Dutch Haze,Sativa,27,0
1776,Pez,Indica,27,0
1777,Green Monster,Hybrid,27,0
1778,Big Wreck,Indica,27,0
1779,Y Griega,Sativa,27,0
1780,Kimbo Kush,Indica,27,0
1781,Dutch Berry,Sativa,27,8
1782,Isla OG,Hybrid,27,0
1783,Blue Power,Indica,27,0
1784,Dr. Quantum,Indica,27,0
1785,Blue Knight,Hybrid,27,0
1786,Willy Wonka,Sativa,28,0
1787,Red Eye OG,Indica,28,0
1788,Phantom Arrow,Indica,28,0
1789,Alien Sour Apple,Hybrid,28,0
1790,Buffalo Bill,Sativa,28,0
1791,Dirty Girl,Sativa,28,0
1792,Jesus OG,Hybrid,28,0
1793,Turbo Mind Warp,Sativa,28,0
1794,Hardcore OG,Indica,28,0
1795,Jack's Dream,Sativa,28,0
1796,Dragon OG,Sativa,28,0
1797,Legend OG,Indica,28,0
1798,Strawberry Lemonade,Hybrid,28,0
1799,Allen Wrench,Sativa,28,0
1800,Bakerstreet,Indica,28,0
1801,Rebel God Smoke,Sativa,28,0
1802,Alien Reunion,Hybrid,28,0
1803,Chem's Sister,Sativa,28,0
1804,LA Woman,Hybrid,28,0
1805,Dutch Hawaiian,Sativa,28,0
1806,Green Haze,Sativa,28,0
1807,Memory Loss,Sativa,28,0
1808,Lucid Dream,Sativa,28,0
1809,Crown OG,Indica,28,0
1810,Iron Triangle,Hybrid,28,0
1811,Berkley,Sativa,28,0
1812,Black Widow,Sativa,28,0
1813,Sour Cookies,Sativa,28,0
1814,Alien OG,Sativa,28,0
1815,Headbanger,Sativa,28,0
1816,Holy Ghost,Hybrid,28,0
1817,Lodi Dodi,Sativa,28,0
1818,Oregon Pinot Noir,Sativa,28,0
1819,Green Ribbon,Hybrid,28,0
1820,Snoop Dogg OG,Indica,28,1
1821,Lime Purple Mist,Indica,28,0
1822,Chemdawg 4,Indica,28,0
1823,Moonwalker Kush,Hybrid,28,0
1824,Little Dragon,Sativa,28,0
1825,Pacific Blue,Indica,28,0
1826,Lucid Blue,Sativa,28,4
1827,Godfather OG,Indica,28,0
1828,Brand X,Indica,28,0
1829,Satori,Sativa,28,0
1830,Whitaker Blues,Indica,28,0
1831,Gorilla Glue,Hybrid,28,0
1832,Gandalf OG,Indica,28,0
1833,Ogre Berry,Indica,28,0
1834,Rise 'n' Shine,Sativa,28,0
1835,Aloha Berry,Indica,28,0
1836,Grape Jelly,Hybrid,28,0
1837,Paris OG,Indica,28,0
1838,Grape Royale,Indica,28,0
1839,Gorilla Glue #5,Indica,28,0
1840,Blueberry Blast,Indica,28,0
1841,Sensi Skunk,Indica,28,0
1842,Sour Bubble,Indica,28,0
1843,King Louis XIII,Indica,28,0
1844,Ebola #7,Indica,28,0
1845,Dairy Queen,Hybrid,28,0
1846,Blackberry Dream,Sativa,28,0
1847,Green Lantern,Sativa,28,0
1848,Girl Scout Cookies,Indica,28,1
1849,Banjo,Hybrid,28,0
1850,Pre-98 Bubba Kush,Indica,28,0
1851,Pirate Radio,Sativa,28,0
1852,Ice Wreck,Hybrid,28,0
1853,Sour LSD,Sativa,28,0
1854,Master Yoda,Hybrid,28,0
1855,Don Carlos,Indica,28,0
1856,Zeta Sage,Hybrid,28,0
1857,Organic Diesel,Sativa,28,0
1858,Slazerbeam,Sativa,28,0
1859,Purple Headband,Indica,28,0
1860,The Brotherhood,Sativa,28,0
1861,Loud,Hybrid,28,0
1862,Moonbeam,Indica,28,0
1863,Super Skunk,Indica,28,0
1864,The Sauce,Sativa,28,0
1865,Chocolate Kush,Indica,28,0
1866,Super Glue,Indica,28,0
1867,Critical Kush,Indica,29,0
1868,Moon Cookies,Indica,29,0
1869,White Kush,Indica,29,0
1870,Herojuana,Indica,29,0
1871,Frankenstein,Indica,29,0
1872,Mochi,Sativa,29,0
1873,First 48,Sativa,29,0
1874,K2,Indica,29,0
1875,Thor's Hammer,Sativa,29,0
1876,Green Line OG,Hybrid,29,0
1877,LA Chocolat,Indica,29,0
1878,Rocket Fuel,Indica,29,0
1879,Northern Wreck,Indica,29,0
1880,Purple Champagne,Sativa,29,0
1881,Sour Power,Sativa,29,0
1882,Chuck OG,Hybrid,29,0
1883,Chocolate OG,Indica,29,0
1884,Chocolate Glue,Indica,29,0
1885,Alien Abduction,Indica,29,1
1886,UBC Chemo,Indica,29,0
1887,Sour Willie,Sativa,29,0
1888,Goat Head,Sativa,29,0
1889,Liberty Haze,Hybrid,29,0
1890,Golden Pineapple,Hybrid,29,0
1891,Khalifa Kush,Indica,29,2
1892,Star Killer,Indica,29,0
1893,Sun Ra,Sativa,29,0
1894,Orange Crush,Sativa,29,0
1895,Tahoe Alien,Indica,29,4
1896,Game Changer,Indica,29,0
1897,Russian Rocket Fuel,Indica,29,0
1898,Kali 47,Sativa,30,0
1899,Gucci OG,Hybrid,30,0
1900,Grand Hindu,Indica,30,0
1901,LA Ultra,Indica,30,0
1902,Presidential Kush,Indica,30,0
1903,Head Cheese,Hybrid,30,0
1904,Queen Mother Goji,Indica,30,0
1905,Primus,Indica,30,0
1906,Kill Bill,Hybrid,30,0
1907,Grease Monkey,Hybrid,30,0
1908,Honduras,Sativa,30,0
1909,Chem Valley Kush,Sativa,30,0
1910,Crystal Coma,Sativa,30,0
1911,Bio Jesus,Hybrid,30,0
1912,Critical Plus 2.0,Indica,30,0
1913,The White,Indica,30,0
1914,Jedi Kush,Indica,30,0
1915,Black Cherry Soda,Hybrid,30,0
1916,Bruce Banner,Sativa,30,0
1917,Sapphire Scout,Hybrid,30,0
1918,Chocolate Lava,Hybrid,30,0
1919,Extreme OG,Indica,30,1
1920,Dutch Treat,Indica,30,1
1921,Grape Kush,Sativa,30,0
1922,White Fire 43,Indica,30,5
1923,Banana Cream OG,Hybrid,30,0
1924,Do-Si-Dos,Hybrid,30,0
1925,White Girl,Sativa,30,0
1926,Golden State Banana,Indica,30,0
1927,Original Glue,Indica,30,0
1928,Devil Fruit,Indica,30,20
1929,Raskal OG,Sativa,30,0
1930,Snow Leopard,Indica,30,0
1931,Syrup OG,Indica,30,0
1932,Harambe's Ghost,Hybrid,30,0
1933,New Glue,Indica,30,0
1934,Golden Panda,Sativa,30,0
1935,Sour Tangie,Sativa,30,0
1936,Grape Soda,Indica,30,0
1937,Four Star General,Indica,30,0
1938,Gorilla Glue #12,Sativa,30,0
1939,A-Dub,Hybrid,30,0
1940,Dr. Who,Hybrid,30,0
1941,Sour Patch Kiss,Sativa,31,0
1942,Alaska,Sativa,31,0
1943,Sin Valley OG,Indica,31,0
1944,Sour Bubba,Sativa,31,0
1945,Cookie Breath,Hybrid,31,0
1946,Emperor Cookie Dough,Sativa,31,0
1947,Caramelo,Sativa,31,0
1948,Purple Wreck,Indica,31,0
1949,Sunshine #4,Hybrid,31,0
1950,Brandywine,Indica,31,0
1951,Chem Willie,Sativa,31,0
1952,Gorilla Snacks,Hybrid,31,0
1953,Valley Girl,Hybrid,31,0
1954,Sumo Grande,Sativa,31,0
1955,Herijuana,Indica,32,0
1956,Honey Rock,Indica,32,0
1957,Go Time,Sativa,32,0
1958,Scout's Honor,Indica,32,0
1959,Monkey Bread #1,Indica,32,0
1960,Animal Mint,Hybrid,32,0
1961,Gorilla Glue #4,Sativa,32,0
1962,Abusive OG,Indica,32,0
1963,Strawberry Banana,Indica,33,0
1964,Mega Wellness OG,Hybrid,33,0
1965,Bear Dance,Sativa,33,0
1966,City of God,Indica,33,0
1967,Northern Lights,Indica,33,0
1968,Cobra Lips,Sativa,33,0
1969,Gorilla Grips,Indica,33,0
1970,C. Banana,Hybrid,34,0
1971,Querkle,Indica,35,0
1972,Skunkberry,Hybrid,40,0
1973,Jack's Girl,Hybrid,54,0
1974,Sour Moonrocks,Sativa,59,0
1975,Little Devil,Indica,60,0
